<?xml version="1.0"?>
<config xmlns:xsi="http://www.w3.org/2001/XMLSchema-instance" xsi:noNamespaceSchemaLocation="../../../Config/etc/system_file.xsd">
    <system>
        <!-- for add new tab in Magento2 system configuration section -->
        <tab id="tatva" translate="label" sortOrder="10">
             <label>Tatva</label>
        </tab>
        <!-- for create section -->
        <section id="tatva_quickview" translate="label" type="text" sortOrder="320" showInDefault="1" showInWebsite="1" showInStore="1">
            <label>Quickview</label>
            <!-- Assign section to tab -->
            <tab>tatva</tab>
            <resource>Tatva_Quickview::configuration</resource>
            <!-- create group for fields in section -->
            <group id="quickview" translate="label" type="text" sortOrder="5" showInDefault="1" showInWebsite="1" showInStore="1">
                <label>Tatva Quickview</label>
                <!-- create text type field -->
                <field id="enable" translate="label" type="select" sortOrder="1" showInDefault="1" showInWebsite="0" showInStore="0">
                    <label>Module Enable</label>
                    <source_model>Magento\Config\Model\Config\Source\Yesno</source_model>
                </field>
                <field id="button_label" translate="label" type="text" sortOrder="2" showInDefault="1" showInWebsite="0" showInStore="0">
                    <label>Button label</label>
                    <comment><![CDATA[Label for Quick View button]]></comment>
                </field>
                <field id="button_label_color" translate="label" type="text" sortOrder="10" showInDefault="1" showInWebsite="0" showInStore="0">
                    <label>Button Lable Color</label>
                    <comment><![CDATA[Quick View button text color]]></comment>
                    <frontend_model>Tatva\Quickview\Block\Color</frontend_model>
                </field>
                <field id="upload_loader_image" translate="label comment" type="image" sortOrder="50" showInDefault="1" showInWebsite="0" showInStore="0">
                    <label>Upload Loader Image</label>
                    <backend_model>Tatva\Quickview\Model\Config\Backend\Image</backend_model>
                    <base_url type="static" scope_info="1">adminhtml\Magento\backend\en_US\Tatva_QuickView\images</base_url>
                </field>
                <field id="button_background_color" translate="label" type="text" sortOrder="10" showInDefault="1" showInWebsite="0" showInStore="0">
                    <label>Button Background Color</label>
                    <comment><![CDATA[Quick View button background color]]></comment>
                    <frontend_model>Tatva\Quickview\Block\Color</frontend_model>
                </field>
                <field id="button_hover_background_color" translate="label" type="text" sortOrder="10" showInDefault="1" showInWebsite="0" showInStore="0">
                    <label>Button Hover Background Color</label>
                    <comment><![CDATA[Quick View button background Hover color]]></comment>
                    <frontend_model>Tatva\Quickview\Block\Color</frontend_model>
                </field>
            </group>
        </section>
    </system>
</config>