<?xml version="1.0"?>
<config xmlns:xsi="http://www.w3.org/2001/XMLSchema-instance" xsi:noNamespaceSchemaLocation="urn:magento:module:Magento_Config:etc/system_file.xsd">
    <system>
        <section id="siyu_quickview" translate="label" type="text" sortOrder="60" showInDefault="1" showInWebsite="1" showInStore="1">
            <label>Quickview</label>
            <tab>catalog</tab>
            <resource>Siyu_QuickView::Quickview</resource>
            <group id="general" translate="label" type="text" sortOrder="10" showInDefault="1" showInWebsite="0" showInStore="0">
                <label>General Configuration</label>
                <field id="active" translate="label" type="select" sortOrder="1" showInDefault="1" showInWebsite="0" showInStore="0">
                    <label>Module Activation</label>
                    <source_model>Magento\Config\Model\Config\Source\Yesno</source_model>
                </field>
                <field id="hide_sku" translate="label" type="select" sortOrder="1" showInDefault="1" showInWebsite="0" showInStore="0">
                    <label>Hide Sku in Popup</label>
                    <source_model>Magento\Config\Model\Config\Source\Yesno</source_model>
                </field>
                <field id="button_text" translate="label" type="text" sortOrder="2" showInDefault="1" showInWebsite="0" showInStore="0">
                    <label>Button Text</label>
                </field>
                <field id="button_classes" translate="label" type="text" sortOrder="3" showInDefault="1" showInWebsite="0" showInStore="0">
                    <label>Button CSS Class</label>
                </field>
                <field id="hide_short_description" translate="label" type="select" sortOrder="4" showInDefault="1" showInWebsite="0" showInStore="0">
                    <label>Hide Short Descriprtion</label>
                    <source_model>Magento\Config\Model\Config\Source\Yesno</source_model>
                </field>
                <field id="hide_go_to_product_button" translate="label" type="select" sortOrder="5" showInDefault="1" showInWebsite="0" showInStore="0">
                    <label>Hide Go To Product Button</label>
                    <source_model>Magento\Config\Model\Config\Source\Yesno</source_model>
                </field>
                <field id="hide_qty_input" translate="label" type="select" sortOrder="7" showInDefault="1" showInWebsite="0" showInStore="0">
                    <label>Hide Qty Input</label>
                    <source_model>Magento\Config\Model\Config\Source\Yesno</source_model>
                </field>
                <field id="hide_social_links" translate="label" type="select" sortOrder="8" showInDefault="1" showInWebsite="0" showInStore="0">
                    <label>Hide Social Links</label>
                    <source_model>Magento\Config\Model\Config\Source\Yesno</source_model>
                </field>
            </group>
        </section>
    </system>
</config>